{
  "name": "bourbon",
  "description": "A simple and lightweight mixin library for Sass.",
  "version": "4.2.6",
  "main": "app/assets/stylesheets/_bourbon.scss",
  "license": "MIT",
  "ignore": [
    "**/.*",
    "CONTRIBUTING.md",
    "Gemfile",
    "Gemfile.lock",
    "Rakefile",
    "_site",
    "bin",
    "bourbon.gemspec",
    "features",
    "lib",
    "package.json",
    "sache.json",
    "spec"
  ],
  "keywords": [
    "css",
    "mixins",
    "sass",
    "scss"
  ],
  "authors": [
    "thoughtbot (http://thoughtbot.com)"
  ],
  "homepage": "http://bourbon.io",
  "repository": {
    "type": "git",
    "url": "https://github.com/thoughtbot/bourbon.git"
  },
  "_release": "4.2.6",
  "_resolution": {
    "type": "version",
    "tag": "v4.2.6",
    "commit": "a979f3084e38589f050e1349df71d3a35fe52ae3"
  },
  "_source": "git://github.com/thoughtbot/bourbon.git",
  "_target": "~4.2.6",
  "_originalSource": "bourbon"
}